dataset,column,keep
cbecs2018_final_public,PUBID,YES
cbecs2018_final_public,REGION,YES
cbecs2018_final_public,CENDIV,YES
cbecs2018_final_public,PBA,YES
cbecs2018_final_public,PUBCLIM,YES
cbecs2018_final_public,SQFT,YES
cbecs2018_final_public,SQFTC,YES
cbecs2018_final_public,WLCNS,YES
cbecs2018_final_public,RFCNS,YES
cbecs2018_final_public,RFCOOL,YES
cbecs2018_final_public,RFTILT,YES
cbecs2018_final_public,BLDSHP,YES
cbecs2018_final_public,GLSSPC,YES
cbecs2018_final_public,NFLOOR,YES
cbecs2018_final_public,BASEMNT,YES
cbecs2018_final_public,FLCEILHT,YES
cbecs2018_final_public,ATTIC,YES
cbecs2018_final_public,ELEVTR,YES
cbecs2018_final_public,NELVTR,YES
cbecs2018_final_public,ESCLTR,YES
cbecs2018_final_public,NESLTR,YES
cbecs2018_final_public,YRCONC,YES
cbecs2018_final_public,RENOV,YES
cbecs2018_final_public,RENCOS,YES
cbecs2018_final_public,RENADD,YES
cbecs2018_final_public,RENRDC,YES
cbecs2018_final_public,RENINT,YES
cbecs2018_final_public,RENRFF,YES
cbecs2018_final_public,RENWIN,YES
cbecs2018_final_public,RENHVC,YES
cbecs2018_final_public,RENLGT,YES
cbecs2018_final_public,RENPLB,YES
cbecs2018_final_public,RENELC,YES
cbecs2018_final_public,RENINS,YES
cbecs2018_final_public,RENSAF,YES
cbecs2018_final_public,RENSTR,YES
cbecs2018_final_public,RENOTH,YES
cbecs2018_final_public,DRYCL,YES
cbecs2018_final_public,VACANT,YES
cbecs2018_final_public,PBAPLUS,YES
cbecs2018_final_public,RWSEAT,YES
cbecs2018_final_public,PBSEAT,YES
cbecs2018_final_public,EDSEAT,YES
cbecs2018_final_public,FDSEAT,YES
cbecs2018_final_public,DRVTHRU,YES
cbecs2018_final_public,HCBED,YES
cbecs2018_final_public,NRSBED,YES
cbecs2018_final_public,LODGRM,YES
cbecs2018_final_public,COURT,YES
cbecs2018_final_public,FACIL,YES
cbecs2018_final_public,FEDFAC,YES
cbecs2018_final_public,FACACT,YES
cbecs2018_final_public,MANIND,YES
cbecs2018_final_public,PLANT,YES
cbecs2018_final_public,FACDST,YES
cbecs2018_final_public,FACDHW,YES
cbecs2018_final_public,FACDCW,YES
cbecs2018_final_public,FACELC,YES
cbecs2018_final_public,BLDPLT,YES
cbecs2018_final_public,GOVOWN,YES
cbecs2018_final_public,GOVTYP,YES
cbecs2018_final_public,OWNTYPE,YES
cbecs2018_final_public,NOCC,YES
cbecs2018_final_public,NOCCAT,YES
cbecs2018_final_public,OWNOCC,YES
cbecs2018_final_public,OWNOPR,YES
cbecs2018_final_public,OWNPPR,YES
cbecs2018_final_public,NWNPPR,YES
cbecs2018_final_public,NWNOPR,YES
cbecs2018_final_public,WHOPPR,YES
cbecs2018_final_public,MONUSE,YES
cbecs2018_final_public,OCCUPYP,YES
cbecs2018_final_public,LODOCCP,YES
cbecs2018_final_public,OPEN24,YES
cbecs2018_final_public,OPNMF,YES
cbecs2018_final_public,OPNWE,YES
cbecs2018_final_public,WKHRS,YES
cbecs2018_final_public,WKHRSC,YES
cbecs2018_final_public,NWKER,YES
cbecs2018_final_public,NWKERC,YES
cbecs2018_final_public,HT1,YES
cbecs2018_final_public,HT2,YES
cbecs2018_final_public,COOL,YES
cbecs2018_final_public,WATR,YES
cbecs2018_final_public,COOK,YES
cbecs2018_final_public,MANU,YES
cbecs2018_final_public,EGYUSED,YES
cbecs2018_final_public,ELUSED,YES
cbecs2018_final_public,NGUSED,YES
cbecs2018_final_public,FKUSED,YES
cbecs2018_final_public,PRUSED,YES
cbecs2018_final_public,STUSED,YES
cbecs2018_final_public,HWUSED,YES
cbecs2018_final_public,CWUSED,YES
cbecs2018_final_public,WOUSED,YES
cbecs2018_final_public,COUSED,YES
cbecs2018_final_public,SOUSED,YES
cbecs2018_final_public,OTUSED,YES
cbecs2018_final_public,FKTYPE,YES
cbecs2018_final_public,SOPANEL,YES
cbecs2018_final_public,SOTHERM,YES
cbecs2018_final_public,HEATP,YES
cbecs2018_final_public,HTLS50,YES
cbecs2018_final_public,ELHT1,YES
cbecs2018_final_public,NGHT1,YES
cbecs2018_final_public,FKHT1,YES
cbecs2018_final_public,PRHT1,YES
cbecs2018_final_public,STHT1,YES
cbecs2018_final_public,HWHT1,YES
cbecs2018_final_public,WOHT1,YES
cbecs2018_final_public,COHT1,YES
cbecs2018_final_public,SOHT1,YES
cbecs2018_final_public,OTHT1,YES
cbecs2018_final_public,ELHT2,YES
cbecs2018_final_public,NGHT2,YES
cbecs2018_final_public,FKHT2,YES
cbecs2018_final_public,PRHT2,YES
cbecs2018_final_public,STHT2,YES
cbecs2018_final_public,HWHT2,YES
cbecs2018_final_public,WOHT2,YES
cbecs2018_final_public,COHT2,YES
cbecs2018_final_public,SOHT2,YES
cbecs2018_final_public,OTHT2,YES
cbecs2018_final_public,PKGHT,YES
cbecs2018_final_public,FURNAC,YES
cbecs2018_final_public,SLFCON,YES
cbecs2018_final_public,BOILER,YES
cbecs2018_final_public,HTPMPH,YES
cbecs2018_final_public,STHW,YES
cbecs2018_final_public,REHEAT,YES
cbecs2018_final_public,FIREPLC,YES
cbecs2018_final_public,OTHTEQ,YES
cbecs2018_final_public,PKGHT_EL,YES
cbecs2018_final_public,BOILER_EL,YES
cbecs2018_final_public,HTPMPH_EL,YES
cbecs2018_final_public,FURNAC_EL,YES
cbecs2018_final_public,SLFCON_EL,YES
cbecs2018_final_public,FIREPLC_EL,YES
cbecs2018_final_public,REHEAT_EL,YES
cbecs2018_final_public,OTHTEQ_EL,YES
cbecs2018_final_public,PKGHT_NG,YES
cbecs2018_final_public,BOILER_NG,YES
cbecs2018_final_public,HTPMPH_NG,YES
cbecs2018_final_public,FURNAC_NG,YES
cbecs2018_final_public,SLFCON_NG,YES
cbecs2018_final_public,FIREPLC_NG,YES
cbecs2018_final_public,OTHTEQ_NG,YES
cbecs2018_final_public,BOILER_FK,YES
cbecs2018_final_public,FURNAC_FK,YES
cbecs2018_final_public,SLFCON_FK,YES
cbecs2018_final_public,OTHTEQ_FK,YES
cbecs2018_final_public,PKGHT_PR,YES
cbecs2018_final_public,BOILER_PR,YES
cbecs2018_final_public,HTPMPH_PR,YES
cbecs2018_final_public,FURNAC_PR,YES
cbecs2018_final_public,SLFCON_PR,YES
cbecs2018_final_public,FIREPLC_PR,YES
cbecs2018_final_public,OTHTEQ_PR,YES
cbecs2018_final_public,DIST_ST,YES
cbecs2018_final_public,AIRHAND_ST,YES
cbecs2018_final_public,FANCOIL_ST,YES
cbecs2018_final_public,REHEAT_ST,YES
cbecs2018_final_public,RADIATR_ST,YES
cbecs2018_final_public,RADFLR_ST,YES
cbecs2018_final_public,WTLOOP_ST,YES
cbecs2018_final_public,OTDIST_ST,YES
cbecs2018_final_public,DIST_HW,YES
cbecs2018_final_public,AIRHAND_HW,YES
cbecs2018_final_public,FANCOIL_HW,YES
cbecs2018_final_public,REHEAT_HW,YES
cbecs2018_final_public,RADIATR_HW,YES
cbecs2018_final_public,RADFLR_HW,YES
cbecs2018_final_public,WTLOOP_HW,YES
cbecs2018_final_public,OTDIST_HW,YES
cbecs2018_final_public,FURNAC_WO,YES
cbecs2018_final_public,SLFCON_WO,YES
cbecs2018_final_public,FIREPLC_WO,YES
cbecs2018_final_public,OTHTEQ_WO,YES
cbecs2018_final_public,BOILER_CO,YES
cbecs2018_final_public,FURNAC_CO,YES
cbecs2018_final_public,OTHTEQ_CO,YES
cbecs2018_final_public,SOTHERM_SO,YES
cbecs2018_final_public,PKGHT_OT,YES
cbecs2018_final_public,BOILER_OT,YES
cbecs2018_final_public,FURNAC_OT,YES
cbecs2018_final_public,SLFCON_OT,YES
cbecs2018_final_public,OTHTEQ_OT,YES
cbecs2018_final_public,BLRAIR_HT1,YES
cbecs2018_final_public,BLRFNCL_HT1,YES
cbecs2018_final_public,BLRDUCT_HT1,YES
cbecs2018_final_public,BLRRAD_HT1,YES
cbecs2018_final_public,BLRRDFL_HT1,YES
cbecs2018_final_public,BLRWTLP_HT1,YES
cbecs2018_final_public,BLROTD_HT1,YES
cbecs2018_final_public,BLRAIR_EL2,YES
cbecs2018_final_public,BLRFNCL_EL2,YES
cbecs2018_final_public,BLRDUCT_EL2,YES
cbecs2018_final_public,BLRRAD_EL2,YES
cbecs2018_final_public,BLRRDFL_EL2,YES
cbecs2018_final_public,BLRWTLP_EL2,YES
cbecs2018_final_public,BLROTD_EL2,YES
cbecs2018_final_public,BLRAIR_NG2,YES
cbecs2018_final_public,BLRFNCL_NG2,YES
cbecs2018_final_public,BLRDUCT_NG2,YES
cbecs2018_final_public,BLRRAD_NG2,YES
cbecs2018_final_public,BLRRDFL_NG2,YES
cbecs2018_final_public,BLRWTLP_NG2,YES
cbecs2018_final_public,BLROTD_NG2,YES
cbecs2018_final_public,BLRAIR_FK2,YES
cbecs2018_final_public,BLRFNCL_FK2,YES
cbecs2018_final_public,BLRDUCT_FK2,YES
cbecs2018_final_public,BLRRAD_FK2,YES
cbecs2018_final_public,BLRRDFL_FK2,YES
cbecs2018_final_public,BLRWTLP_FK2,YES
cbecs2018_final_public,BLROTD_FK2,YES
cbecs2018_final_public,BLRAIR_PR2,YES
cbecs2018_final_public,BLRFNCL_PR2,YES
cbecs2018_final_public,BLRDUCT_PR2,YES
cbecs2018_final_public,BLRRAD_PR2,YES
cbecs2018_final_public,BLRRDFL_PR2,YES
cbecs2018_final_public,BLRWTLP_PR2,YES
cbecs2018_final_public,BLROTD_PR2,YES
cbecs2018_final_public,BLRAIR_CO2,YES
cbecs2018_final_public,BLRFNCL_CO2,YES
cbecs2018_final_public,BLRDUCT_CO2,YES
cbecs2018_final_public,BLRRAD_CO2,YES
cbecs2018_final_public,BLRRDFL_CO2,YES
cbecs2018_final_public,BLRWTLP_CO2,YES
cbecs2018_final_public,BLROTD_CO2,YES
cbecs2018_final_public,BLRAIR_OT2,YES
cbecs2018_final_public,BLRFNCL_OT2,YES
cbecs2018_final_public,BLRDUCT_OT2,YES
cbecs2018_final_public,BLRRAD_OT2,YES
cbecs2018_final_public,BLRRDFL_OT2,YES
cbecs2018_final_public,BLRWTLP_OT2,YES
cbecs2018_final_public,BLROTD_OT2,YES
cbecs2018_final_public,BLRAIR,YES
cbecs2018_final_public,BLRDUCT,YES
cbecs2018_final_public,BLRFNCL,YES
cbecs2018_final_public,BLROTD,YES
cbecs2018_final_public,BLRRAD,YES
cbecs2018_final_public,BLRRDFL,YES
cbecs2018_final_public,BLRWTLP,YES
cbecs2018_final_public,PKGHPH,YES
cbecs2018_final_public,HPHPTHP,YES
cbecs2018_final_public,HPHAIR,YES
cbecs2018_final_public,HPHGRD,YES
cbecs2018_final_public,HPHDUAL,YES
cbecs2018_final_public,HPHWTR,YES
cbecs2018_final_public,HPHVRF,YES
cbecs2018_final_public,SPHTPTHP,YES
cbecs2018_final_public,FURNP_EL,YES
cbecs2018_final_public,PKGHP_EL,YES
cbecs2018_final_public,BOILP_EL,YES
cbecs2018_final_public,HTPHP_EL,YES
cbecs2018_final_public,SLFCNP_EL,YES
cbecs2018_final_public,FIREPLP_EL,YES
cbecs2018_final_public,REHEATP_EL,YES
cbecs2018_final_public,OTHTP_EL,YES
cbecs2018_final_public,FURNP_NG,YES
cbecs2018_final_public,PKGHP_NG,YES
cbecs2018_final_public,BOILP_NG,YES
cbecs2018_final_public,HTPHP_NG,YES
cbecs2018_final_public,SLFCNP_NG,YES
cbecs2018_final_public,FIREPLP_NG,YES
cbecs2018_final_public,OTHTP_NG,YES
cbecs2018_final_public,FURNP_FK,YES
cbecs2018_final_public,BOILP_FK,YES
cbecs2018_final_public,SLFCNP_FK,YES
cbecs2018_final_public,OTHTP_FK,YES
cbecs2018_final_public,FURNP_PR,YES
cbecs2018_final_public,PKGHP_PR,YES
cbecs2018_final_public,BOILP_PR,YES
cbecs2018_final_public,HTPHP_PR,YES
cbecs2018_final_public,SLFCNP_PR,YES
cbecs2018_final_public,FIREPLP_PR,YES
cbecs2018_final_public,OTHTP_PR,YES
cbecs2018_final_public,STHWP_ST,YES
cbecs2018_final_public,STHWP_HW,YES
cbecs2018_final_public,FURNP_WO,YES
cbecs2018_final_public,SLFCNP_WO,YES
cbecs2018_final_public,FIREPLP_WO,YES
cbecs2018_final_public,OTHTP_WO,YES
cbecs2018_final_public,FURNP_CO,YES
cbecs2018_final_public,BOILP_CO,YES
cbecs2018_final_public,OTHTP_CO,YES
cbecs2018_final_public,SOTHERMP_SO,YES
cbecs2018_final_public,FURNP_OT,YES
cbecs2018_final_public,PKGHP_OT,YES
cbecs2018_final_public,BOILP_OT,YES
cbecs2018_final_public,SLFCNP_OT,YES
cbecs2018_final_public,OTHTP_OT,YES
cbecs2018_final_public,MAINHT,YES
cbecs2018_final_public,NWMNHT,YES
cbecs2018_final_public,COOLP,YES
cbecs2018_final_public,ELCOOL,YES
cbecs2018_final_public,NGCOOL,YES
cbecs2018_final_public,FKCOOL,YES
cbecs2018_final_public,PRCOOL,YES
cbecs2018_final_public,STCOOL,YES
cbecs2018_final_public,CWCOOL,YES
cbecs2018_final_public,OTCOOL,YES
cbecs2018_final_public,RCAC,YES
cbecs2018_final_public,PKGCL,YES
cbecs2018_final_public,CHILLR,YES
cbecs2018_final_public,HTPMPC,YES
cbecs2018_final_public,ACWNWL,YES
cbecs2018_final_public,EVAPCL,YES
cbecs2018_final_public,OTCLEQ,YES
cbecs2018_final_public,CHWT,YES
cbecs2018_final_public,RCAC_EL,YES
cbecs2018_final_public,PKGCL_EL,YES
cbecs2018_final_public,CHILLR_EL,YES
cbecs2018_final_public,HTPMPC_EL,YES
cbecs2018_final_public,ACWNWL_EL,YES
cbecs2018_final_public,EVAPCL_EL,YES
cbecs2018_final_public,OTCLEQ_EL,YES
cbecs2018_final_public,HPCPTHP,YES
cbecs2018_final_public,HPCAIR,YES
cbecs2018_final_public,HPCGRD,YES
cbecs2018_final_public,HPCDUAL,YES
cbecs2018_final_public,HPCWTR,YES
cbecs2018_final_public,ACVRF,YES
cbecs2018_final_public,RMACPTHP,YES
cbecs2018_final_public,CHILLR_NG,YES
cbecs2018_final_public,OTCLEQ_NG,YES
cbecs2018_final_public,CHILLR_FK,YES
cbecs2018_final_public,OTCLEQ_FK,YES
cbecs2018_final_public,CHILLR_PR,YES
cbecs2018_final_public,OTCLEQ_PR,YES
cbecs2018_final_public,CHILLR_ST,YES
cbecs2018_final_public,OTCLEQ_ST,YES
cbecs2018_final_public,OTCLEQ_OT,YES
cbecs2018_final_public,DIST_CW,YES
cbecs2018_final_public,CWAIR,YES
cbecs2018_final_public,CWFNCL,YES
cbecs2018_final_public,CWBEAM,YES
cbecs2018_final_public,CWWTLP,YES
cbecs2018_final_public,CWOTD,YES
cbecs2018_final_public,CHLAIR,YES
cbecs2018_final_public,CHLFNCL,YES
cbecs2018_final_public,CHLBEAM,YES
cbecs2018_final_public,CHLWTLP,YES
cbecs2018_final_public,CHLOTD,YES
cbecs2018_final_public,CHLAIRCL,YES
cbecs2018_final_public,CHLWTRCL,YES
cbecs2018_final_public,CHLABSRP,YES
cbecs2018_final_public,RCACP_EL,YES
cbecs2018_final_public,PKGCP_EL,YES
cbecs2018_final_public,CHILP_EL,YES
cbecs2018_final_public,HTPCP_EL,YES
cbecs2018_final_public,ACWNWP_EL,YES
cbecs2018_final_public,EVAPP_EL,YES
cbecs2018_final_public,OTCLP_EL,YES
cbecs2018_final_public,CHILP_NG,YES
cbecs2018_final_public,OTCLP_NG,YES
cbecs2018_final_public,CHILP_FK,YES
cbecs2018_final_public,OTCLP_FK,YES
cbecs2018_final_public,CHILP_PR,YES
cbecs2018_final_public,OTCLP_PR,YES
cbecs2018_final_public,CHILP_ST,YES
cbecs2018_final_public,OTCLP_ST,YES
cbecs2018_final_public,CHWTP_CW,YES
cbecs2018_final_public,OTCLP_OT,YES
cbecs2018_final_public,MAINCL,YES
cbecs2018_final_public,NWMNCL,YES
cbecs2018_final_public,EMCS,YES
cbecs2018_final_public,EMCSHT,YES
cbecs2018_final_public,EMCSCL,YES
cbecs2018_final_public,EMCSLT,YES
cbecs2018_final_public,SMRTTHRM,YES
cbecs2018_final_public,HWRDHT,YES
cbecs2018_final_public,HWRDCL,YES
cbecs2018_final_public,VAV,YES
cbecs2018_final_public,DOAS,YES
cbecs2018_final_public,DCV,YES
cbecs2018_final_public,ECN,YES
cbecs2018_final_public,MAINT,YES
cbecs2018_final_public,ELWATR,YES
cbecs2018_final_public,NGWATR,YES
cbecs2018_final_public,FKWATR,YES
cbecs2018_final_public,PRWATR,YES
cbecs2018_final_public,STWATR,YES
cbecs2018_final_public,HWWATR,YES
cbecs2018_final_public,WOWATR,YES
cbecs2018_final_public,COWATR,YES
cbecs2018_final_public,SOWATR,YES
cbecs2018_final_public,OTWATR,YES
cbecs2018_final_public,WTHTEQ,YES
cbecs2018_final_public,BOOSTWT,YES
cbecs2018_final_public,ELCOOK,YES
cbecs2018_final_public,NGCOOK,YES
cbecs2018_final_public,FKCOOK,YES
cbecs2018_final_public,PRCOOK,YES
cbecs2018_final_public,STCOOK,YES
cbecs2018_final_public,HWCOOK,YES
cbecs2018_final_public,WOCOOK,YES
cbecs2018_final_public,COCOOK,YES
cbecs2018_final_public,OTCOOK,YES
cbecs2018_final_public,ELMANU,YES
cbecs2018_final_public,NGMANU,YES
cbecs2018_final_public,FKMANU,YES
cbecs2018_final_public,PRMANU,YES
cbecs2018_final_public,STMANU,YES
cbecs2018_final_public,HWMANU,YES
cbecs2018_final_public,WOMANU,YES
cbecs2018_final_public,COMANU,YES
cbecs2018_final_public,OTMANU,YES
cbecs2018_final_public,CAPGEN,YES
cbecs2018_final_public,PVC,YES
cbecs2018_final_public,ENGINE,YES
cbecs2018_final_public,FUELCL,YES
cbecs2018_final_public,LRGTRB,YES
cbecs2018_final_public,MCROTB,YES
cbecs2018_final_public,OTGENTECH,YES
cbecs2018_final_public,COGEN,YES
cbecs2018_final_public,NGGENR,YES
cbecs2018_final_public,FKGENR,YES
cbecs2018_final_public,PRGENR,YES
cbecs2018_final_public,WOGENR,YES
cbecs2018_final_public,COGENR,YES
cbecs2018_final_public,SOGENR,YES
cbecs2018_final_public,OTGENR,YES
cbecs2018_final_public,GENUSE,YES
cbecs2018_final_public,GENGT1MW,YES
cbecs2018_final_public,NGOTH,YES
cbecs2018_final_public,FKOTH,YES
cbecs2018_final_public,PROTH,YES
cbecs2018_final_public,STOTH,YES
cbecs2018_final_public,HWOTH,YES
cbecs2018_final_public,CWOTH,YES
cbecs2018_final_public,WOOTH,YES
cbecs2018_final_public,COOTH,YES
cbecs2018_final_public,SOOTH,YES
cbecs2018_final_public,OTOTH,YES
cbecs2018_final_public,PRAMTC,YES
cbecs2018_final_public,PRUNIT,YES
cbecs2018_final_public,WOAMT,YES
cbecs2018_final_public,WOSRC,YES
cbecs2018_final_public,WOEXP,YES
cbecs2018_final_public,WOEXPC,YES
cbecs2018_final_public,ENRGYPLN,YES
cbecs2018_final_public,SNACK,YES
cbecs2018_final_public,FASTFD,YES
cbecs2018_final_public,CAF,YES
cbecs2018_final_public,FDPREP,YES
cbecs2018_final_public,KITCHN,YES
cbecs2018_final_public,BREAKRM,YES
cbecs2018_final_public,OTFDRM,YES
cbecs2018_final_public,SNACKSF,YES
cbecs2018_final_public,FASTFDSF,YES
cbecs2018_final_public,CAFSF,YES
cbecs2018_final_public,FDPREPSF,YES
cbecs2018_final_public,HWTRM,YES
cbecs2018_final_public,LAUNDR,YES
cbecs2018_final_public,CONFSP,YES
cbecs2018_final_public,CONFSPP,YES
cbecs2018_final_public,MEDEQP,YES
cbecs2018_final_public,XRAYN,YES
cbecs2018_final_public,CTSCAN,YES
cbecs2018_final_public,MRI,YES
cbecs2018_final_public,LINACC,YES
cbecs2018_final_public,OUTHOSPPCT,YES
cbecs2018_final_public,OUTSURG,YES
cbecs2018_final_public,LABEQP,YES
cbecs2018_final_public,MCHEQP,YES
cbecs2018_final_public,POOL,YES
cbecs2018_final_public,HTPOOL,YES
cbecs2018_final_public,POOLSRC,YES
cbecs2018_final_public,STRLZR,YES
cbecs2018_final_public,RFGEQP,YES
cbecs2018_final_public,RFGRES,YES
cbecs2018_final_public,RFGCOMP,YES
cbecs2018_final_public,RFGWI,YES
cbecs2018_final_public,RFGOP,YES
cbecs2018_final_public,RFGCL,YES
cbecs2018_final_public,RFGVEN,YES
cbecs2018_final_public,RFGICE,YES
cbecs2018_final_public,RFGSTO,YES
cbecs2018_final_public,RFGRSN,YES
cbecs2018_final_public,RFGCOMPN,YES
cbecs2018_final_public,RFGWIN,YES
cbecs2018_final_public,RFGOPN,YES
cbecs2018_final_public,RFGCLN,YES
cbecs2018_final_public,RFGVNN,YES
cbecs2018_final_public,RFGICN,YES
cbecs2018_final_public,RFGSTP,YES
cbecs2018_final_public,WHRECOV,YES
cbecs2018_final_public,WHHT2,YES
cbecs2018_final_public,WHWT,YES
cbecs2018_final_public,WHOT,YES
cbecs2018_final_public,PCTERM,YES
cbecs2018_final_public,LAPTOP,YES
cbecs2018_final_public,TABLET,YES
cbecs2018_final_public,SERVER,YES
cbecs2018_final_public,PCTERMN,YES
cbecs2018_final_public,PCTRMC,YES
cbecs2018_final_public,LAPTPN,YES
cbecs2018_final_public,LAPTPC,YES
cbecs2018_final_public,MLTMON,YES
cbecs2018_final_public,MLTMNC,YES
cbecs2018_final_public,TABCHRG,YES
cbecs2018_final_public,TABLETN,YES
cbecs2018_final_public,SRVUNIT,YES
cbecs2018_final_public,SERVERN,YES
cbecs2018_final_public,SERVERC,YES
cbecs2018_final_public,SRVRCLST,YES
cbecs2018_final_public,DATACNTR,YES
cbecs2018_final_public,DCNTRSFC,YES
cbecs2018_final_public,TRNGRM,YES
cbecs2018_final_public,STDNRM,YES
cbecs2018_final_public,LGOFFDEV,YES
cbecs2018_final_public,SMOFFDEV,YES
cbecs2018_final_public,WBOARDS,YES
cbecs2018_final_public,TVVIDEO,YES
cbecs2018_final_public,RGSTR,YES
cbecs2018_final_public,LGOFFDEVN,YES
cbecs2018_final_public,SMOFFDEVN,YES
cbecs2018_final_public,WBOARDSN,YES
cbecs2018_final_public,TVVIDEON,YES
cbecs2018_final_public,RGSTRN,YES
cbecs2018_final_public,ATMN,YES
cbecs2018_final_public,LTZHRP,YES
cbecs2018_final_public,LZHRPC,YES
cbecs2018_final_public,LTOHRP,YES
cbecs2018_final_public,LOHRPC,YES
cbecs2018_final_public,LTNR24,YES
cbecs2018_final_public,LTNHRP,YES
cbecs2018_final_public,LNHRPC,YES
cbecs2018_final_public,LIT,YES
cbecs2018_final_public,FLUOR,YES
cbecs2018_final_public,CFLR,YES
cbecs2018_final_public,BULB,YES
cbecs2018_final_public,HALO,YES
cbecs2018_final_public,HID,YES
cbecs2018_final_public,LED,YES
cbecs2018_final_public,OTLT,YES
cbecs2018_final_public,FLUORP,YES
cbecs2018_final_public,CFLRP,YES
cbecs2018_final_public,BULBP,YES
cbecs2018_final_public,HALOP,YES
cbecs2018_final_public,HIDP,YES
cbecs2018_final_public,LEDP,YES
cbecs2018_final_public,OTLTP,YES
cbecs2018_final_public,SCHED,YES
cbecs2018_final_public,OCSN,YES
cbecs2018_final_public,DIM,YES
cbecs2018_final_public,DAYHARV,YES
cbecs2018_final_public,TRIM,YES
cbecs2018_final_public,PLGCTRL,YES
cbecs2018_final_public,DRLGHT,YES
cbecs2018_final_public,LTEXPC,YES
cbecs2018_final_public,PKLT,YES
cbecs2018_final_public,PKLTINOUT,YES
cbecs2018_final_public,PKLTN,YES
cbecs2018_final_public,WINTYP,YES
cbecs2018_final_public,TINT,YES
cbecs2018_final_public,REFL,YES
cbecs2018_final_public,AWN,YES
cbecs2018_final_public,SKYLT,YES
cbecs2018_final_public,DAYLTP,YES
cbecs2018_final_public,HDD65,YES
cbecs2018_final_public,CDD65,YES
cbecs2018_final_public,MFUSED,YES
cbecs2018_final_public,MFBTU,YES
cbecs2018_final_public,MFEXP,YES
cbecs2018_final_public,ELBTU,YES
cbecs2018_final_public,ELCNS,YES
cbecs2018_final_public,ELEXP,YES
cbecs2018_final_public,NGBTU,YES
cbecs2018_final_public,NGCNS,YES
cbecs2018_final_public,NGEXP,YES
cbecs2018_final_public,FKBTU,YES
cbecs2018_final_public,FKCNS,YES
cbecs2018_final_public,FKEXP,YES
cbecs2018_final_public,DHUSED,YES
cbecs2018_final_public,DHHT1,YES
cbecs2018_final_public,DHHT2,YES
cbecs2018_final_public,DHCOOL,YES
cbecs2018_final_public,DHWATR,YES
cbecs2018_final_public,DHCOOK,YES
cbecs2018_final_public,DHMANU,YES
cbecs2018_final_public,DHOTH,YES
cbecs2018_final_public,DHBTU,YES
cbecs2018_final_public,DHEXP,YES
cbecs2018_final_public,MFHTBTU,YES
cbecs2018_final_public,MFCLBTU,YES
cbecs2018_final_public,MFVNBTU,YES
cbecs2018_final_public,MFWTBTU,YES
cbecs2018_final_public,MFLTBTU,YES
cbecs2018_final_public,MFCKBTU,YES
cbecs2018_final_public,MFRFBTU,YES
cbecs2018_final_public,MFOFBTU,YES
cbecs2018_final_public,MFPCBTU,YES
cbecs2018_final_public,MFOTBTU,YES
cbecs2018_final_public,ELHTBTU,YES
cbecs2018_final_public,ELCLBTU,YES
cbecs2018_final_public,ELVNBTU,YES
cbecs2018_final_public,ELWTBTU,YES
cbecs2018_final_public,ELLTBTU,YES
cbecs2018_final_public,ELCKBTU,YES
cbecs2018_final_public,ELRFBTU,YES
cbecs2018_final_public,ELOFBTU,YES
cbecs2018_final_public,ELPCBTU,YES
cbecs2018_final_public,ELOTBTU,YES
cbecs2018_final_public,NGHTBTU,YES
cbecs2018_final_public,NGCLBTU,YES
cbecs2018_final_public,NGWTBTU,YES
cbecs2018_final_public,NGCKBTU,YES
cbecs2018_final_public,NGOTBTU,YES
cbecs2018_final_public,FKHTBTU,YES
cbecs2018_final_public,FKCLBTU,YES
cbecs2018_final_public,FKWTBTU,YES
cbecs2018_final_public,FKCKBTU,YES
cbecs2018_final_public,FKOTBTU,YES
cbecs2018_final_public,DHHTBTU,YES
cbecs2018_final_public,DHCLBTU,YES
cbecs2018_final_public,DHWTBTU,YES
cbecs2018_final_public,DHCKBTU,YES
cbecs2018_final_public,DHOTBTU,YES
cbecs2018_final_public,FINALWT,YES
cbecs2018_final_public,FINALWT1,YES
cbecs2018_final_public,FINALWT2,YES
cbecs2018_final_public,FINALWT3,YES
cbecs2018_final_public,FINALWT4,YES
cbecs2018_final_public,FINALWT5,YES
cbecs2018_final_public,FINALWT6,YES
cbecs2018_final_public,FINALWT7,YES
cbecs2018_final_public,FINALWT8,YES
cbecs2018_final_public,FINALWT9,YES
cbecs2018_final_public,FINALWT10,YES
cbecs2018_final_public,FINALWT11,YES
cbecs2018_final_public,FINALWT12,YES
cbecs2018_final_public,FINALWT13,YES
cbecs2018_final_public,FINALWT14,YES
cbecs2018_final_public,FINALWT15,YES
cbecs2018_final_public,FINALWT16,YES
cbecs2018_final_public,FINALWT17,YES
cbecs2018_final_public,FINALWT18,YES
cbecs2018_final_public,FINALWT19,YES
cbecs2018_final_public,FINALWT20,YES
cbecs2018_final_public,FINALWT21,YES
cbecs2018_final_public,FINALWT22,YES
cbecs2018_final_public,FINALWT23,YES
cbecs2018_final_public,FINALWT24,YES
cbecs2018_final_public,FINALWT25,YES
cbecs2018_final_public,FINALWT26,YES
cbecs2018_final_public,FINALWT27,YES
cbecs2018_final_public,FINALWT28,YES
cbecs2018_final_public,FINALWT29,YES
cbecs2018_final_public,FINALWT30,YES
cbecs2018_final_public,FINALWT31,YES
cbecs2018_final_public,FINALWT32,YES
cbecs2018_final_public,FINALWT33,YES
cbecs2018_final_public,FINALWT34,YES
cbecs2018_final_public,FINALWT35,YES
cbecs2018_final_public,FINALWT36,YES
cbecs2018_final_public,FINALWT37,YES
cbecs2018_final_public,FINALWT38,YES
cbecs2018_final_public,FINALWT39,YES
cbecs2018_final_public,FINALWT40,YES
cbecs2018_final_public,FINALWT41,YES
cbecs2018_final_public,FINALWT42,YES
cbecs2018_final_public,FINALWT43,YES
cbecs2018_final_public,FINALWT44,YES
cbecs2018_final_public,FINALWT45,YES
cbecs2018_final_public,FINALWT46,YES
cbecs2018_final_public,FINALWT47,YES
cbecs2018_final_public,FINALWT48,YES
cbecs2018_final_public,FINALWT49,YES
cbecs2018_final_public,FINALWT50,YES
cbecs2018_final_public,FINALWT51,YES
cbecs2018_final_public,FINALWT52,YES
cbecs2018_final_public,FINALWT53,YES
cbecs2018_final_public,FINALWT54,YES
cbecs2018_final_public,FINALWT55,YES
cbecs2018_final_public,FINALWT56,YES
cbecs2018_final_public,FINALWT57,YES
cbecs2018_final_public,FINALWT58,YES
cbecs2018_final_public,FINALWT59,YES
cbecs2018_final_public,FINALWT60,YES
cbecs2018_final_public,FINALWT61,YES
cbecs2018_final_public,FINALWT62,YES
cbecs2018_final_public,FINALWT63,YES
cbecs2018_final_public,FINALWT64,YES
cbecs2018_final_public,FINALWT65,YES
cbecs2018_final_public,FINALWT66,YES
cbecs2018_final_public,FINALWT67,YES
cbecs2018_final_public,FINALWT68,YES
cbecs2018_final_public,FINALWT69,YES
cbecs2018_final_public,FINALWT70,YES
cbecs2018_final_public,FINALWT71,YES
cbecs2018_final_public,FINALWT72,YES
cbecs2018_final_public,FINALWT73,YES
cbecs2018_final_public,FINALWT74,YES
cbecs2018_final_public,FINALWT75,YES
cbecs2018_final_public,FINALWT76,YES
cbecs2018_final_public,FINALWT77,YES
cbecs2018_final_public,FINALWT78,YES
cbecs2018_final_public,FINALWT79,YES
cbecs2018_final_public,FINALWT80,YES
cbecs2018_final_public,FINALWT81,YES
cbecs2018_final_public,FINALWT82,YES
cbecs2018_final_public,FINALWT83,YES
cbecs2018_final_public,FINALWT84,YES
cbecs2018_final_public,FINALWT85,YES
cbecs2018_final_public,FINALWT86,YES
cbecs2018_final_public,FINALWT87,YES
cbecs2018_final_public,FINALWT88,YES
cbecs2018_final_public,FINALWT89,YES
cbecs2018_final_public,FINALWT90,YES
cbecs2018_final_public,FINALWT91,YES
cbecs2018_final_public,FINALWT92,YES
cbecs2018_final_public,FINALWT93,YES
cbecs2018_final_public,FINALWT94,YES
cbecs2018_final_public,FINALWT95,YES
cbecs2018_final_public,FINALWT96,YES
cbecs2018_final_public,FINALWT97,YES
cbecs2018_final_public,FINALWT98,YES
cbecs2018_final_public,FINALWT99,YES
cbecs2018_final_public,FINALWT100,YES
cbecs2018_final_public,FINALWT101,YES
cbecs2018_final_public,FINALWT102,YES
cbecs2018_final_public,FINALWT103,YES
cbecs2018_final_public,FINALWT104,YES
cbecs2018_final_public,FINALWT105,YES
cbecs2018_final_public,FINALWT106,YES
cbecs2018_final_public,FINALWT107,YES
cbecs2018_final_public,FINALWT108,YES
cbecs2018_final_public,FINALWT109,YES
cbecs2018_final_public,FINALWT110,YES
cbecs2018_final_public,FINALWT111,YES
cbecs2018_final_public,FINALWT112,YES
cbecs2018_final_public,FINALWT113,YES
cbecs2018_final_public,FINALWT114,YES
cbecs2018_final_public,FINALWT115,YES
cbecs2018_final_public,FINALWT116,YES
cbecs2018_final_public,FINALWT117,YES
cbecs2018_final_public,FINALWT118,YES
cbecs2018_final_public,FINALWT119,YES
cbecs2018_final_public,FINALWT120,YES
cbecs2018_final_public,FINALWT121,YES
cbecs2018_final_public,FINALWT122,YES
cbecs2018_final_public,FINALWT123,YES
cbecs2018_final_public,FINALWT124,YES
cbecs2018_final_public,FINALWT125,YES
cbecs2018_final_public,FINALWT126,YES
cbecs2018_final_public,FINALWT127,YES
cbecs2018_final_public,FINALWT128,YES
cbecs2018_final_public,FINALWT129,YES
cbecs2018_final_public,FINALWT130,YES
cbecs2018_final_public,FINALWT131,YES
cbecs2018_final_public,FINALWT132,YES
cbecs2018_final_public,FINALWT133,YES
cbecs2018_final_public,FINALWT134,YES
cbecs2018_final_public,FINALWT135,YES
cbecs2018_final_public,FINALWT136,YES
cbecs2018_final_public,FINALWT137,YES
cbecs2018_final_public,FINALWT138,YES
cbecs2018_final_public,FINALWT139,YES
cbecs2018_final_public,FINALWT140,YES
cbecs2018_final_public,FINALWT141,YES
cbecs2018_final_public,FINALWT142,YES
cbecs2018_final_public,FINALWT143,YES
cbecs2018_final_public,FINALWT144,YES
cbecs2018_final_public,FINALWT145,YES
cbecs2018_final_public,FINALWT146,YES
cbecs2018_final_public,FINALWT147,YES
cbecs2018_final_public,FINALWT148,YES
cbecs2018_final_public,FINALWT149,YES
cbecs2018_final_public,FINALWT150,YES
cbecs2018_final_public,FINALWT151,YES
cbecs2018_final_public,ZSQFT,YES
cbecs2018_final_public,ZSQFTC,YES
cbecs2018_final_public,ZWLCNS,YES
cbecs2018_final_public,ZRFCNS,YES
cbecs2018_final_public,ZRFCOOL,YES
cbecs2018_final_public,ZRFTILT,YES
cbecs2018_final_public,ZBLDSHP,YES
cbecs2018_final_public,ZGLSSPC,YES
cbecs2018_final_public,ZNFLOOR,YES
cbecs2018_final_public,ZBASEMNT,YES
cbecs2018_final_public,ZFLCEILHT,YES
cbecs2018_final_public,ZATTIC,YES
cbecs2018_final_public,ZELEVTR,YES
cbecs2018_final_public,ZNELVTR,YES
cbecs2018_final_public,ZESCLTR,YES
cbecs2018_final_public,ZNESLTR,YES
cbecs2018_final_public,ZYRCONC,YES
cbecs2018_final_public,ZRENOV,YES
cbecs2018_final_public,ZRENCOS,YES
cbecs2018_final_public,ZRENADD,YES
cbecs2018_final_public,ZRENRDC,YES
cbecs2018_final_public,ZRENINT,YES
cbecs2018_final_public,ZRENRFF,YES
cbecs2018_final_public,ZRENWIN,YES
cbecs2018_final_public,ZRENHVC,YES
cbecs2018_final_public,ZRENLGT,YES
cbecs2018_final_public,ZRENPLB,YES
cbecs2018_final_public,ZRENELC,YES
cbecs2018_final_public,ZRENINS,YES
cbecs2018_final_public,ZRENSAF,YES
cbecs2018_final_public,ZRENSTR,YES
cbecs2018_final_public,ZRENOTH,YES
cbecs2018_final_public,ZDRYCL,YES
cbecs2018_final_public,ZRWSEAT,YES
cbecs2018_final_public,ZPBSEAT,YES
cbecs2018_final_public,ZEDSEAT,YES
cbecs2018_final_public,ZFDSEAT,YES
cbecs2018_final_public,ZHCBED,YES
cbecs2018_final_public,ZNRSBED,YES
cbecs2018_final_public,ZLODGRM,YES
cbecs2018_final_public,ZFACIL,YES
cbecs2018_final_public,ZFEDFAC,YES
cbecs2018_final_public,ZFACACT,YES
cbecs2018_final_public,ZPLANT,YES
cbecs2018_final_public,ZFACDST,YES
cbecs2018_final_public,ZFACDHW,YES
cbecs2018_final_public,ZFACDCW,YES
cbecs2018_final_public,ZFACELC,YES
cbecs2018_final_public,ZBLDPLT,YES
cbecs2018_final_public,ZGOVOWN,YES
cbecs2018_final_public,ZGOVTYP,YES
cbecs2018_final_public,ZOWNTYPE,YES
cbecs2018_final_public,ZNOCC,YES
cbecs2018_final_public,ZNOCCAT,YES
cbecs2018_final_public,ZOWNOCC,YES
cbecs2018_final_public,ZOWNOPR,YES
cbecs2018_final_public,ZOWNPPR,YES
cbecs2018_final_public,ZNWNPPR,YES
cbecs2018_final_public,ZNWNOPR,YES
cbecs2018_final_public,ZWHOPPR,YES
cbecs2018_final_public,ZMONUSE,YES
cbecs2018_final_public,ZOCCUPYP,YES
cbecs2018_final_public,ZLODOCCP,YES
cbecs2018_final_public,ZOPEN24,YES
cbecs2018_final_public,ZOPNMF,YES
cbecs2018_final_public,ZOPNWE,YES
cbecs2018_final_public,ZWKHRS,YES
cbecs2018_final_public,ZWKHRSC,YES
cbecs2018_final_public,ZNWKER,YES
cbecs2018_final_public,ZNWKERC,YES
cbecs2018_final_public,ZHT1,YES
cbecs2018_final_public,ZHT2,YES
cbecs2018_final_public,ZCOOL,YES
cbecs2018_final_public,ZWATR,YES
cbecs2018_final_public,ZCOOK,YES
cbecs2018_final_public,ZMANU,YES
cbecs2018_final_public,ZELUSED,YES
cbecs2018_final_public,ZNGUSED,YES
cbecs2018_final_public,ZFKUSED,YES
cbecs2018_final_public,ZPRUSED,YES
cbecs2018_final_public,ZSTUSED,YES
cbecs2018_final_public,ZHWUSED,YES
cbecs2018_final_public,ZCWUSED,YES
cbecs2018_final_public,ZWOUSED,YES
cbecs2018_final_public,ZCOUSED,YES
cbecs2018_final_public,ZSOUSED,YES
cbecs2018_final_public,ZOTUSED,YES
cbecs2018_final_public,ZFKTYPE,YES
cbecs2018_final_public,ZSOPANEL,YES
cbecs2018_final_public,ZHEATP,YES
cbecs2018_final_public,ZHTLS50,YES
cbecs2018_final_public,ZELHT1,YES
cbecs2018_final_public,ZNGHT1,YES
cbecs2018_final_public,ZFKHT1,YES
cbecs2018_final_public,ZPRHT1,YES
cbecs2018_final_public,ZSTHT1,YES
cbecs2018_final_public,ZHWHT1,YES
cbecs2018_final_public,ZWOHT1,YES
cbecs2018_final_public,ZCOHT1,YES
cbecs2018_final_public,ZSOHT1,YES
cbecs2018_final_public,ZOTHT1,YES
cbecs2018_final_public,ZELHT2,YES
cbecs2018_final_public,ZNGHT2,YES
cbecs2018_final_public,ZFKHT2,YES
cbecs2018_final_public,ZPRHT2,YES
cbecs2018_final_public,ZSTHT2,YES
cbecs2018_final_public,ZHWHT2,YES
cbecs2018_final_public,ZWOHT2,YES
cbecs2018_final_public,ZCOHT2,YES
cbecs2018_final_public,ZSOHT2,YES
cbecs2018_final_public,ZOTHT2,YES
cbecs2018_final_public,ZPKGHT_EL,YES
cbecs2018_final_public,ZBOILER_EL,YES
cbecs2018_final_public,ZHTPMPH_EL,YES
cbecs2018_final_public,ZFURNAC_EL,YES
cbecs2018_final_public,ZSLFCON_EL,YES
cbecs2018_final_public,ZFIREPLC_EL,YES
cbecs2018_final_public,ZREHEAT_EL,YES
cbecs2018_final_public,ZOTHTEQ_EL,YES
cbecs2018_final_public,ZPKGHT_NG,YES
cbecs2018_final_public,ZBOILER_NG,YES
cbecs2018_final_public,ZHTPMPH_NG,YES
cbecs2018_final_public,ZFURNAC_NG,YES
cbecs2018_final_public,ZSLFCON_NG,YES
cbecs2018_final_public,ZFIREPLC_NG,YES
cbecs2018_final_public,ZOTHTEQ_NG,YES
cbecs2018_final_public,ZBOILER_FK,YES
cbecs2018_final_public,ZFURNAC_FK,YES
cbecs2018_final_public,ZSLFCON_FK,YES
cbecs2018_final_public,ZOTHTEQ_FK,YES
cbecs2018_final_public,ZPKGHT_PR,YES
cbecs2018_final_public,ZBOILER_PR,YES
cbecs2018_final_public,ZHTPMPH_PR,YES
cbecs2018_final_public,ZFURNAC_PR,YES
cbecs2018_final_public,ZSLFCON_PR,YES
cbecs2018_final_public,ZFIREPLC_PR,YES
cbecs2018_final_public,ZOTHTEQ_PR,YES
cbecs2018_final_public,ZDIST_ST,YES
cbecs2018_final_public,ZAIRHAND_ST,YES
cbecs2018_final_public,ZFANCOIL_ST,YES
cbecs2018_final_public,ZREHEAT_ST,YES
cbecs2018_final_public,ZRADIATR_ST,YES
cbecs2018_final_public,ZRADFLR_ST,YES
cbecs2018_final_public,ZWTLOOP_ST,YES
cbecs2018_final_public,ZOTDIST_ST,YES
cbecs2018_final_public,ZDIST_HW,YES
cbecs2018_final_public,ZAIRHAND_HW,YES
cbecs2018_final_public,ZFANCOIL_HW,YES
cbecs2018_final_public,ZREHEAT_HW,YES
cbecs2018_final_public,ZRADIATR_HW,YES
cbecs2018_final_public,ZRADFLR_HW,YES
cbecs2018_final_public,ZWTLOOP_HW,YES
cbecs2018_final_public,ZOTDIST_HW,YES
cbecs2018_final_public,ZFURNAC_WO,YES
cbecs2018_final_public,ZSLFCON_WO,YES
cbecs2018_final_public,ZFIREPLC_WO,YES
cbecs2018_final_public,ZOTHTEQ_WO,YES
cbecs2018_final_public,ZBOILER_CO,YES
cbecs2018_final_public,ZFURNAC_CO,YES
cbecs2018_final_public,ZOTHTEQ_CO,YES
cbecs2018_final_public,ZSOTHERM_SO,YES
cbecs2018_final_public,ZPKGHT_OT,YES
cbecs2018_final_public,ZBOILER_OT,YES
cbecs2018_final_public,ZFURNAC_OT,YES
cbecs2018_final_public,ZSLFCON_OT,YES
cbecs2018_final_public,ZOTHTEQ_OT,YES
cbecs2018_final_public,ZBLRAIR,YES
cbecs2018_final_public,ZBLRDUCT,YES
cbecs2018_final_public,ZBLRFNCL,YES
cbecs2018_final_public,ZBLROTD,YES
cbecs2018_final_public,ZBLRRAD,YES
cbecs2018_final_public,ZBLRRDFL,YES
cbecs2018_final_public,ZBLRWTLP,YES
cbecs2018_final_public,ZHPHPTHP,YES
cbecs2018_final_public,ZHPHAIR,YES
cbecs2018_final_public,ZHPHGRD,YES
cbecs2018_final_public,ZHPHDUAL,YES
cbecs2018_final_public,ZHPHWTR,YES
cbecs2018_final_public,ZHPHVRF,YES
cbecs2018_final_public,ZFURNP_EL,YES
cbecs2018_final_public,ZPKGHP_EL,YES
cbecs2018_final_public,ZBOILP_EL,YES
cbecs2018_final_public,ZHTPHP_EL,YES
cbecs2018_final_public,ZSLFCNP_EL,YES
cbecs2018_final_public,ZFIREPLP_EL,YES
cbecs2018_final_public,ZREHEATP_EL,YES
cbecs2018_final_public,ZOTHTP_EL,YES
cbecs2018_final_public,ZFURNP_NG,YES
cbecs2018_final_public,ZPKGHP_NG,YES
cbecs2018_final_public,ZBOILP_NG,YES
cbecs2018_final_public,ZHTPHP_NG,YES
cbecs2018_final_public,ZSLFCNP_NG,YES
cbecs2018_final_public,ZFIREPLP_NG,YES
cbecs2018_final_public,ZOTHTP_NG,YES
cbecs2018_final_public,ZFURNP_FK,YES
cbecs2018_final_public,ZBOILP_FK,YES
cbecs2018_final_public,ZSLFCNP_FK,YES
cbecs2018_final_public,ZOTHTP_FK,YES
cbecs2018_final_public,ZFURNP_PR,YES
cbecs2018_final_public,ZPKGHP_PR,YES
cbecs2018_final_public,ZBOILP_PR,YES
cbecs2018_final_public,ZHTPHP_PR,YES
cbecs2018_final_public,ZSLFCNP_PR,YES
cbecs2018_final_public,ZFIREPLP_PR,YES
cbecs2018_final_public,ZOTHTP_PR,YES
cbecs2018_final_public,ZSTHWP_ST,YES
cbecs2018_final_public,ZSTHWP_HW,YES
cbecs2018_final_public,ZFURNP_WO,YES
cbecs2018_final_public,ZSLFCNP_WO,YES
cbecs2018_final_public,ZFIREPLP_WO,YES
cbecs2018_final_public,ZOTHTP_WO,YES
cbecs2018_final_public,ZFURNP_CO,YES
cbecs2018_final_public,ZBOILP_CO,YES
cbecs2018_final_public,ZOTHTP_CO,YES
cbecs2018_final_public,ZSOTHERMP_SO,YES
cbecs2018_final_public,ZFURNP_OT,YES
cbecs2018_final_public,ZPKGHP_OT,YES
cbecs2018_final_public,ZBOILP_OT,YES
cbecs2018_final_public,ZSLFCNP_OT,YES
cbecs2018_final_public,ZOTHTP_OT,YES
cbecs2018_final_public,ZMAINHT,YES
cbecs2018_final_public,ZNWMNHT,YES
cbecs2018_final_public,ZCOOLP,YES
cbecs2018_final_public,ZELCOOL,YES
cbecs2018_final_public,ZNGCOOL,YES
cbecs2018_final_public,ZFKCOOL,YES
cbecs2018_final_public,ZPRCOOL,YES
cbecs2018_final_public,ZSTCOOL,YES
cbecs2018_final_public,ZCWCOOL,YES
cbecs2018_final_public,ZOTCOOL,YES
cbecs2018_final_public,ZRCAC_EL,YES
cbecs2018_final_public,ZPKGCL_EL,YES
cbecs2018_final_public,ZCHILLR_EL,YES
cbecs2018_final_public,ZHTPMPC_EL,YES
cbecs2018_final_public,ZACWNWL_EL,YES
cbecs2018_final_public,ZEVAPCL_EL,YES
cbecs2018_final_public,ZOTCLEQ_EL,YES
cbecs2018_final_public,ZHPCPTHP,YES
cbecs2018_final_public,ZHPCAIR,YES
cbecs2018_final_public,ZHPCGRD,YES
cbecs2018_final_public,ZHPCDUAL,YES
cbecs2018_final_public,ZHPCWTR,YES
cbecs2018_final_public,ZCHILLR_NG,YES
cbecs2018_final_public,ZOTCLEQ_NG,YES
cbecs2018_final_public,ZCHILLR_FK,YES
cbecs2018_final_public,ZOTCLEQ_FK,YES
cbecs2018_final_public,ZCHILLR_PR,YES
cbecs2018_final_public,ZOTCLEQ_PR,YES
cbecs2018_final_public,ZCHILLR_ST,YES
cbecs2018_final_public,ZOTCLEQ_ST,YES
cbecs2018_final_public,ZOTCLEQ_OT,YES
cbecs2018_final_public,ZDIST_CW,YES
cbecs2018_final_public,ZCWAIR,YES
cbecs2018_final_public,ZCWFNCL,YES
cbecs2018_final_public,ZCWBEAM,YES
cbecs2018_final_public,ZCWWTLP,YES
cbecs2018_final_public,ZCWOTD,YES
cbecs2018_final_public,ZCHLAIR,YES
cbecs2018_final_public,ZCHLFNCL,YES
cbecs2018_final_public,ZCHLBEAM,YES
cbecs2018_final_public,ZCHLWTLP,YES
cbecs2018_final_public,ZCHLOTD,YES
cbecs2018_final_public,ZCHLAIRCL,YES
cbecs2018_final_public,ZCHLWTRCL,YES
cbecs2018_final_public,ZCHLABSRP,YES
cbecs2018_final_public,ZRCACP_EL,YES
cbecs2018_final_public,ZPKGCP_EL,YES
cbecs2018_final_public,ZCHILP_EL,YES
cbecs2018_final_public,ZHTPCP_EL,YES
cbecs2018_final_public,ZACWNWP_EL,YES
cbecs2018_final_public,ZEVAPP_EL,YES
cbecs2018_final_public,ZOTCLP_EL,YES
cbecs2018_final_public,ZCHILP_NG,YES
cbecs2018_final_public,ZOTCLP_NG,YES
cbecs2018_final_public,ZCHILP_FK,YES
cbecs2018_final_public,ZOTCLP_FK,YES
cbecs2018_final_public,ZCHILP_PR,YES
cbecs2018_final_public,ZOTCLP_PR,YES
cbecs2018_final_public,ZCHILP_ST,YES
cbecs2018_final_public,ZOTCLP_ST,YES
cbecs2018_final_public,ZCHWTP_CW,YES
cbecs2018_final_public,ZOTCLP_OT,YES
cbecs2018_final_public,ZMAINCL,YES
cbecs2018_final_public,ZNWMNCL,YES
cbecs2018_final_public,ZEMCS,YES
cbecs2018_final_public,ZEMCSHT,YES
cbecs2018_final_public,ZEMCSCL,YES
cbecs2018_final_public,ZEMCSLT,YES
cbecs2018_final_public,ZSMRTTHRM,YES
cbecs2018_final_public,ZHWRDHT,YES
cbecs2018_final_public,ZHWRDCL,YES
cbecs2018_final_public,ZVAV,YES
cbecs2018_final_public,ZDOAS,YES
cbecs2018_final_public,ZDCV,YES
cbecs2018_final_public,ZECN,YES
cbecs2018_final_public,ZMAINT,YES
cbecs2018_final_public,ZELWATR,YES
cbecs2018_final_public,ZNGWATR,YES
cbecs2018_final_public,ZFKWATR,YES
cbecs2018_final_public,ZPRWATR,YES
cbecs2018_final_public,ZSTWATR,YES
cbecs2018_final_public,ZHWWATR,YES
cbecs2018_final_public,ZWOWATR,YES
cbecs2018_final_public,ZCOWATR,YES
cbecs2018_final_public,ZSOWATR,YES
cbecs2018_final_public,ZOTWATR,YES
cbecs2018_final_public,ZWTHTEQ,YES
cbecs2018_final_public,ZBOOSTWT,YES
cbecs2018_final_public,ZELCOOK,YES
cbecs2018_final_public,ZNGCOOK,YES
cbecs2018_final_public,ZFKCOOK,YES
cbecs2018_final_public,ZPRCOOK,YES
cbecs2018_final_public,ZSTCOOK,YES
cbecs2018_final_public,ZHWCOOK,YES
cbecs2018_final_public,ZWOCOOK,YES
cbecs2018_final_public,ZCOCOOK,YES
cbecs2018_final_public,ZOTCOOK,YES
cbecs2018_final_public,ZELMANU,YES
cbecs2018_final_public,ZNGMANU,YES
cbecs2018_final_public,ZFKMANU,YES
cbecs2018_final_public,ZPRMANU,YES
cbecs2018_final_public,ZSTMANU,YES
cbecs2018_final_public,ZHWMANU,YES
cbecs2018_final_public,ZWOMANU,YES
cbecs2018_final_public,ZCOMANU,YES
cbecs2018_final_public,ZOTMANU,YES
cbecs2018_final_public,ZCAPGEN,YES
cbecs2018_final_public,ZPVC,YES
cbecs2018_final_public,ZENGINE,YES
cbecs2018_final_public,ZFUELCL,YES
cbecs2018_final_public,ZLRGTRB,YES
cbecs2018_final_public,ZMCROTB,YES
cbecs2018_final_public,ZOTGENTECH,YES
cbecs2018_final_public,ZCOGEN,YES
cbecs2018_final_public,ZNGGENR,YES
cbecs2018_final_public,ZFKGENR,YES
cbecs2018_final_public,ZPRGENR,YES
cbecs2018_final_public,ZWOGENR,YES
cbecs2018_final_public,ZCOGENR,YES
cbecs2018_final_public,ZSOGENR,YES
cbecs2018_final_public,ZOTGENR,YES
cbecs2018_final_public,ZGENUSE,YES
cbecs2018_final_public,ZPRAMTC,YES
cbecs2018_final_public,ZPRUNIT,YES
cbecs2018_final_public,ZWOAMT,YES
cbecs2018_final_public,ZWOSRC,YES
cbecs2018_final_public,ZWOEXP,YES
cbecs2018_final_public,ZWOEXPC,YES
cbecs2018_final_public,ZENRGYPLN,YES
cbecs2018_final_public,ZSNACK,YES
cbecs2018_final_public,ZFASTFD,YES
cbecs2018_final_public,ZCAF,YES
cbecs2018_final_public,ZFDPREP,YES
cbecs2018_final_public,ZKITCHN,YES
cbecs2018_final_public,ZBREAKRM,YES
cbecs2018_final_public,ZOTFDRM,YES
cbecs2018_final_public,ZSNACKSF,YES
cbecs2018_final_public,ZFASTFDSF,YES
cbecs2018_final_public,ZCAFSF,YES
cbecs2018_final_public,ZFDPREPSF,YES
cbecs2018_final_public,ZHWTRM,YES
cbecs2018_final_public,ZLAUNDR,YES
cbecs2018_final_public,ZCONFSP,YES
cbecs2018_final_public,ZCONFSPP,YES
cbecs2018_final_public,ZMEDEQP,YES
cbecs2018_final_public,ZXRAYN,YES
cbecs2018_final_public,ZOUTSURG,YES
cbecs2018_final_public,ZLABEQP,YES
cbecs2018_final_public,ZMCHEQP,YES
cbecs2018_final_public,ZPOOL,YES
cbecs2018_final_public,ZHTPOOL,YES
cbecs2018_final_public,ZPOOLSRC,YES
cbecs2018_final_public,ZSTRLZR,YES
cbecs2018_final_public,ZRFGEQP,YES
cbecs2018_final_public,ZRFGRES,YES
cbecs2018_final_public,ZRFGCOMP,YES
cbecs2018_final_public,ZRFGWI,YES
cbecs2018_final_public,ZRFGOP,YES
cbecs2018_final_public,ZRFGCL,YES
cbecs2018_final_public,ZRFGVEN,YES
cbecs2018_final_public,ZRFGICE,YES
cbecs2018_final_public,ZRFGSTO,YES
cbecs2018_final_public,ZRFGRSN,YES
cbecs2018_final_public,ZRFGCOMPN,YES
cbecs2018_final_public,ZRFGWIN,YES
cbecs2018_final_public,ZRFGOPN,YES
cbecs2018_final_public,ZRFGCLN,YES
cbecs2018_final_public,ZRFGVNN,YES
cbecs2018_final_public,ZRFGICN,YES
cbecs2018_final_public,ZRFGSTP,YES
cbecs2018_final_public,ZWHRECOV,YES
cbecs2018_final_public,ZWHHT2,YES
cbecs2018_final_public,ZWHWT,YES
cbecs2018_final_public,ZWHOT,YES
cbecs2018_final_public,ZPCTERM,YES
cbecs2018_final_public,ZLAPTOP,YES
cbecs2018_final_public,ZTABLET,YES
cbecs2018_final_public,ZSERVER,YES
cbecs2018_final_public,ZPCTERMN,YES
cbecs2018_final_public,ZPCTRMC,YES
cbecs2018_final_public,ZLAPTPN,YES
cbecs2018_final_public,ZLAPTPC,YES
cbecs2018_final_public,ZMLTMON,YES
cbecs2018_final_public,ZMLTMNC,YES
cbecs2018_final_public,ZTABCHRG,YES
cbecs2018_final_public,ZTABLETN,YES
cbecs2018_final_public,ZSRVUNIT,YES
cbecs2018_final_public,ZSERVERN,YES
cbecs2018_final_public,ZSERVERC,YES
cbecs2018_final_public,ZSRVRCLST,YES
cbecs2018_final_public,ZDATACNTR,YES
cbecs2018_final_public,ZTRNGRM,YES
cbecs2018_final_public,ZSTDNRM,YES
cbecs2018_final_public,ZLGOFFDEV,YES
cbecs2018_final_public,ZSMOFFDEV,YES
cbecs2018_final_public,ZWBOARDS,YES
cbecs2018_final_public,ZTVVIDEO,YES
cbecs2018_final_public,ZRGSTR,YES
cbecs2018_final_public,ZLGOFFDEVN,YES
cbecs2018_final_public,ZSMOFFDEVN,YES
cbecs2018_final_public,ZWBOARDSN,YES
cbecs2018_final_public,ZTVVIDEON,YES
cbecs2018_final_public,ZRGSTRN,YES
cbecs2018_final_public,ZATMN,YES
cbecs2018_final_public,ZLTZHRP,YES
cbecs2018_final_public,ZLZHRPC,YES
cbecs2018_final_public,ZLTOHRP,YES
cbecs2018_final_public,ZLOHRPC,YES
cbecs2018_final_public,ZLTNR24,YES
cbecs2018_final_public,ZLTNHRP,YES
cbecs2018_final_public,ZLNHRPC,YES
cbecs2018_final_public,ZFLUOR,YES
cbecs2018_final_public,ZCFLR,YES
cbecs2018_final_public,ZBULB,YES
cbecs2018_final_public,ZHALO,YES
cbecs2018_final_public,ZHID,YES
cbecs2018_final_public,ZLED,YES
cbecs2018_final_public,ZOTLT,YES
cbecs2018_final_public,ZFLUORP,YES
cbecs2018_final_public,ZCFLRP,YES
cbecs2018_final_public,ZBULBP,YES
cbecs2018_final_public,ZHALOP,YES
cbecs2018_final_public,ZHIDP,YES
cbecs2018_final_public,ZLEDP,YES
cbecs2018_final_public,ZOTLTP,YES
cbecs2018_final_public,ZSCHED,YES
cbecs2018_final_public,ZOCSN,YES
cbecs2018_final_public,ZDIM,YES
cbecs2018_final_public,ZDAYHARV,YES
cbecs2018_final_public,ZTRIM,YES
cbecs2018_final_public,ZPLGCTRL,YES
cbecs2018_final_public,ZDRLGHT,YES
cbecs2018_final_public,ZLTEXPC,YES
cbecs2018_final_public,ZPKLT,YES
cbecs2018_final_public,ZPKLTINOUT,YES
cbecs2018_final_public,ZPKLTN,YES
cbecs2018_final_public,ZWINTYP,YES
cbecs2018_final_public,ZTINT,YES
cbecs2018_final_public,ZREFL,YES
cbecs2018_final_public,ZAWN,YES
cbecs2018_final_public,ZSKYLT,YES
cbecs2018_final_public,ZDAYLTP,YES
cbecs2018_final_public,ZCTSCAN,YES
cbecs2018_final_public,ZDCNTRSFC,YES
cbecs2018_final_public,ZLINACC,YES
cbecs2018_final_public,ZMRI,YES
cbecs2018_final_public,ZOUTHOSPPCT,YES
cbecs2018_final_public,ZMFBTU,YES
cbecs2018_final_public,ZMFEXP,YES
cbecs2018_final_public,ZELCNS,YES
cbecs2018_final_public,ZELEXP,YES
cbecs2018_final_public,ZNGCNS,YES
cbecs2018_final_public,ZNGEXP,YES
cbecs2018_final_public,ZFKCNS,YES
cbecs2018_final_public,ZFKEXP,YES
cbecs2018_final_public,ZDHBTU,YES
cbecs2018_final_public,ZDHEXP,YES
energy_consumption,customer_id,YES
energy_consumption,customer_type,YES
energy_consumption,regions,YES
energy_consumption,building_size_m2,YES
energy_consumption,occupants,YES
energy_consumption,energy_cost_brl,YES
energydata_complete,date,YES
energydata_complete,Appliances,YES
energydata_complete,lights,YES
energydata_complete,T1,YES
energydata_complete,RH_1,YES
energydata_complete,T2,YES
energydata_complete,RH_2,YES
energydata_complete,T3,YES
energydata_complete,RH_3,YES
energydata_complete,T4,YES
energydata_complete,RH_4,YES
energydata_complete,T5,YES
energydata_complete,RH_5,YES
energydata_complete,T6,YES
energydata_complete,RH_6,YES
energydata_complete,T7,YES
energydata_complete,RH_7,YES
energydata_complete,T8,YES
energydata_complete,RH_8,YES
energydata_complete,T9,YES
energydata_complete,RH_9,YES
energydata_complete,T_out,YES
energydata_complete,Press_mm_hg,YES
energydata_complete,RH_out,YES
energydata_complete,Windspeed,YES
energydata_complete,Visibility,YES
energydata_complete,Tdewpoint,YES
energydata_complete,rv1,YES
energydata_complete,rv2,YES
household_power_consumption,Date,YES
household_power_consumption,Time,YES
household_power_consumption,Global_active_power,YES
household_power_consumption,Global_reactive_power,YES
household_power_consumption,Voltage,YES
household_power_consumption,Global_intensity,YES
household_power_consumption,Sub_metering_1,YES
household_power_consumption,Sub_metering_2,YES
household_power_consumption,Sub_metering_3,YES
household_power_consumption,Date,YES
household_power_consumption,Time,YES
household_power_consumption,Global_active_power,YES
household_power_consumption,Global_reactive_power,YES
household_power_consumption,Voltage,YES
household_power_consumption,Global_intensity,YES
household_power_consumption,Sub_metering_1,YES
household_power_consumption,Sub_metering_2,YES
household_power_consumption,Sub_metering_3,YES
smart_meter_data,Timestamp,YES
smart_meter_data,Electricity_Consumed,YES
smart_meter_data,Temperature,YES
smart_meter_data,Humidity,YES
smart_meter_data,Wind_Speed,YES
smart_meter_data,Avg_Past_Consumption,YES
smart_meter_data,Anomaly_Label,YES
test_energy_data,Building Type,YES
test_energy_data,Square Footage,YES
test_energy_data,Number of Occupants,YES
test_energy_data,Appliances Used,YES
test_energy_data,Average Temperature,YES
test_energy_data,Day of Week,YES
test_energy_data,Energy Consumption,YES
